venue_key,venue_name,city,country,capacity,capacity_values,needs_review,source
7TH STREET ENTRY AT FIRST AVENUE,7th Street Entry at First Avenue,"MINNEAPOLIS, MN",USA,250,250,False,excel_pink_cell
ACADEMY 3,Academy 3,MANCHESTER,UNITED KINGDOM,470,470,False,excel_pink_cell
ACCOR ARENA,Accor Arena,PARIS,FRANCE,20300,20300,False,excel_pink_cell
AFAS LIVE,Afas Live,AMSTERDAM,NETHERLANDS,6000,6000,False,excel_pink_cell
AICHI PREFECTURAL ART THEATER,Aichi Prefectural Art Theater,AICHI,JAPAN,2480,2480,False,excel_pink_cell
AICHI SKY EXPO HALL A,Aichi Sky Expo Hall A,NAGOYA,JAPAN,10000,10000,False,excel_pink_cell
ALHAMBRA,Alhambra,PARIS,FRANCE,1400,600|1400,True,excel_pink_cell
ALLEGIANT STADIUM,ALLEGIANT STADIUM,"LAS VEGAS, NV",USA,72000,72000,False,excel_pink_cell
ALLIANZ ARENA,ALLIANZ ARENA,MUNICH,GERMANY,65000,50424|65000,False,excel_pink_cell
ALTES POSTLAGER,Altes Postlager,MAINZ,GERMANY,2000,2000,False,excel_pink_cell
AMOS SOUTHEND,Amos' Southend,"CHARLOTTE, NC",USA,1200,1200,False,excel_pink_cell
AMRIG,AMRIG,PORTO ALEGRE,BRAZIL,700,700,False,excel_pink_cell
ANABUKI ARENA KAGAWA,ANABUKI ARENA KAGAWA,KAGAWA,JAPAN,10000,10000,False,excel_pink_cell
ANALOG MUSIC HALL,Analog Music Hall,BUDAPEST,HUNGARY,500,500,False,excel_pink_cell
ARENA EXPO,ARENA@EXPO,SINGAPORE,SINGAPORE,6700,6700,False,excel_pink_cell
ARENA GRAND PARIS,Arena Grand Paris,PARIS,FRANCE,7000,7000,False,excel_pink_cell
ARENA OF STARS RESORTS WORLD GENTING,"Arena of Stars, Resorts World Genting",PAHANG,MALAYSIA,5132,5132,False,excel_pink_cell
ASIA WORLD ARENA,Asia-World Arena,HONG KONG,CHINA,14000,14000,False,excel_pink_cell
ASIA WORLD EXPO,Asia World-Expo,HONG KONG,CHINA,14000,14000,False,excel_pink_cell
ASIA WORLD EXPO ARENA,Asia-World Expo Arena,HONG KONG,CHINA,14000,14000,False,excel_pink_cell
ASIA WORLD EXPO RUNWAY 11,"Asia-World Expo, Runway 11",HONG KONG,CHINA,3800,3800,False,excel_pink_cell
ASIAWORLD ARENA,AsiaWorld-Arena,HONG KONG,CHINA,14000,12000|14000,False,excel_pink_cell
ASIAWORLD EXPO HALL 10,"Asiaworld-Expo, Hall 10",HONG KONG,CHINA,2800,2800,False,excel_pink_cell
ASIAWORLD EXPO RUNWAY 11,"ASIAWORLD-EXPO, RUNWAY 11",HONG KONG,CHINA,3800,3800,False,excel_pink_cell
ASTORIA,Astoria,"NEW YORK, NY",USA,1000,1000,False,excel_pink_cell
AT T STADIUM,AT&T STADIUM,"ARLINGTON, TX",USA,65000,65000,False,excel_pink_cell
AUDITORIO BB,Auditorio BB,MEXICO CITY,MEXICO,1236,1236,False,excel_pink_cell
AUDITORIO NACIONAL,AUDITORIO NACIONAL,MEXICO CITY,MEXICO,10000,10000,False,excel_pink_cell
AURUM EVENT CENTER,Aurum Event Center,"VANCOUVER, BC",CANADA,1200,1200,False,excel_pink_cell
AXIATA ARENA,Axiata Arena,KUALA LUMPUR,MALAYSIA,16000,16000,False,excel_pink_cell
BACKSTAGE HALLE,Backstage Halle,MUNICH,ITALY,1000,1000,False,excel_pink_cell
BACKSTAGE WERK,Backstage Werk,MUNICH,GERMANY,1000,1000,False,excel_pink_cell
BATACLAN,Bataclan,PARIS,FRANCE,1985,1985,False,excel_pink_cell
BATSCHKAPP,Batschkapp,FRANKFURT,GERMANY,1500,1500,False,excel_pink_cell
BELLUNA DOME,Belluna Dome,SAITAMA,JAPAN,31552,31552,False,excel_pink_cell
BITEC LIVE,BITEC Live,BANGKOK,THAILAND,10000,10000,False,excel_pink_cell
BLUESQUARE WOORIWONBANKING HALL,BLUESQUARE WOORIWONBANKING HALL,SEOUL,KOREA,2800,2800,False,excel_pink_cell
BLUMA APPEL THEATRE,BLUMA APPEL THEATRE,TORONTO,CANADA,868,868,False,excel_pink_cell
BRICK AND MORTAR MUSIC HALL,Brick and Mortar Music Hall,"SAN FRANCISCO, CA",USA,250,250,False,excel_pink_cell
BROADWAY THEATRE BROADWAY MACAU,"Broadway Theatre, Broadway Macau",MACAU,CHINA,2500,2500,False,excel_pink_cell
C ART MEDIA,C Art Media,BUENOS AIRES,ARGENTINA,4000,4000,False,excel_pink_cell
CABARET SAUVAGE,Cabaret Sauvage,PARIS,FRANCE,1200,1200,False,excel_pink_cell
CAFE DE LA DANSE,Cafe de la Danse,PARIS,FRANCE,500,500,False,excel_pink_cell
CAMERATA,CAMERATA,HELSINKI,FINLAND,239,239,False,excel_pink_cell
CEBU COLISEUM,Cebu Coliseum,CEBU,PHILIPPINES,5000,5000,False,excel_pink_cell
CENTER STAGE THEATER,Center Stage Theater,"ATLANTA, GA",USA,1050,1050,False,excel_pink_cell
CENTRE BELL,CENTRE BELL,"MONTREAL, QC",CANADA,12799,12799,False,excel_pink_cell
CENTRO CULTURAL CEINA,CENTRO CULTURAL CEINA,SANTIAGO,CHILE,794,794,False,excel_pink_cell
CHINESE CULTURAL CENTER,Chinese Cultural Center,"CALGARY, AB",CANADA,700,700,False,excel_pink_cell
CINE JOIA,Cine Joia,SAO PAULO,BRAZIL,1200,1200,False,excel_pink_cell
CITYNORTH HOTEL,CityNorth Hotel,DUBLIN,IRELAND,700,700,False,excel_pink_cell
CLIMATE PLEDGE ARENA,CLIMATE PLEDGE ARENA,"SEATTLE, WA",USA,18300,13582|18300,False,excel_pink_cell
CLUB DADA,Club Dada,"DALLAS, TX",USA,350,350,False,excel_pink_cell
CLUB VOLTA,Club Volta,COLOGNE,GERMANY,450,450,False,excel_pink_cell
COLISEO,COLISEO,SANTIAGO,CHILE,2500,2500,False,excel_pink_cell
COLUMBIA THEATER,Columbia Theater,BERLIN,GERMANY,1200,800|1200,False,excel_pink_cell
CONCORD MUSIC HALL,Concord Music Hall,"CHICAGO, IL",USA,1490,1490,False,excel_pink_cell
CRYPTO COM ARENA,Crypto.com Arena,"LOS ANGELES, CA",USA,20000,20000,False,excel_pink_cell
DAS BETT,Das Bett,FRANKFURT,GERMANY,500,500,False,excel_pink_cell
DINGWALLS,Dingwalls,LONDON,UNITED KINGDOM,600,600,False,excel_pink_cell
DISTRO MUSIC HALL,Distro Music Hall,"CHICAGO, IL",USA,600,600,False,excel_pink_cell
DOLBY LIVE AT PARK MGM,Dolby Live at Park MGM,"LAS VEGAS, NV",USA,5200,5200,False,excel_pink_cell
DUBAI MEDIA CITY AMPHITHEATRE,Dubai Media City Amphitheatre,DUBAI,UAE,15000,15000,False,excel_pink_cell
EARTH HALL,Earth Hall,LONDON,UNITED KINGDOM,1200,1200,False,excel_pink_cell
ECHOPLEX,ECHOPLEX,"LOS ANGELES, CA",USA,780,780,False,excel_pink_cell
ERGO ARENA,Ergo Arena,GDANSK,POLAND,15000,15000,False,excel_pink_cell
ESCENARIO GNP SEGUROS,ESCENARIO GNP SEGUROS,MONTERREY,MEXICO,4200,4200,False,excel_pink_cell
ESPACO UNIMED,ESPACO UNIMED,SÃO PAULO,BRAZIL,8000,8000,False,excel_pink_cell
ESTADIO GNP SEGUROS,ESTADIO GNP SEGUROS,MEXICO CITY,MEXICO,65000,65000,False,excel_pink_cell
ETIHAD ARENA,ETIHAD ARENA,ABU DHABI,ARAB EMIRATES,18000,18000,False,excel_pink_cell
EVENTIM APOLLO,Eventim Apollo,LONDON,UNITED KINGDOM,5300,5300,False,excel_pink_cell
FIVE JAX,Five Jax,"JACKSONVILLE, FL",USA,1250,1250,False,excel_pink_cell
FLEMINGTON RACECOURSE,Flemington Racecourse,MELBOURNE,AUSTRALIA,120000,120000,False,excel_pink_cell
FLUSHING MEADOWS CORONA PARK,Flushing Meadows Corona Park,"NEW YORK, NY",USA,50000,50000,False,excel_pink_cell
FOLKETS PARK,FOLKETS PARK,HUSKVARNA,SWEDEN,1000,1000,False,excel_pink_cell
FROST BANK CENTER,FROST BANK CENTER,"SAN ANTONIO, TX",USA,19000,19000,False,excel_pink_cell
FUKUOKA SUNPALACE,Fukuoka Sunpalace,FUKUOKA,JAPAN,2316,2316,False,excel_pink_cell
G BOX AT GALAXY MACAU,G Box at Galaxy Macau,MACAU,CHINA,850,850,False,excel_pink_cell
GALAXY ARENA,GALAXY ARENA,MACAU,CHINA,16000,16000,False,excel_pink_cell
GILLETTE STADIUM,GILLETTE STADIUM,"FOXBOROUGH, MA",USA,75000,75000,False,excel_pink_cell
GLION ARENA KOBE,GLION ARENA KOBE,HYOGO,JAPAN,10000,10000,False,excel_pink_cell
GLOBE IRON,Globe Iron,"CLEVELAND, OH",USA,1200,1200,False,excel_pink_cell
GOYANG STADIUM,GOYANG STADIUM,GOYANG,KOREA,41311,41311,False,excel_pink_cell
GROOVE PALERMO,Groove Palermo,BUENOS AIRES,ARGENTINA,1000,1000,False,excel_pink_cell
HAMMER THEATER CENTER,Hammer Theater Center,"SAN JOSE, CA",USA,640,640,False,excel_pink_cell
HANA SPACE,Hana Space,TAIPEI,TAIWAN,800,800,False,excel_pink_cell
HELL THE MASQUERADE,Hell @ The Masquerade,"ATLANTA, GA",USA,650,650,False,excel_pink_cell
HOLLYWOOD THEATRE,Hollywood Theatre,"VANCOUVER, BC",CANADA,650,650,False,excel_pink_cell
HOUSE OF CULTURE,House of culture,HELSINKI,FINLAND,1500,1500,False,excel_pink_cell
HOWARD THEATRE,Howard Theatre,"WASHINGTON, D.C.",USA,1242,1242,False,excel_pink_cell
HUAXI LIVE WUKESONG M SPACE,Huaxi Live · Wukesong · M Space,BEIJING,CHINA,1738,1738,False,excel_pink_cell
HUXLEYS NEUE WELT,Huxleys Neue Welt,BERLIN,GERMANY,1600,1600,False,excel_pink_cell
HYBRYDY,Hybrydy,WARSAW,POLAND,800,800,False,excel_pink_cell
HYDROZAGADKA,Hydrozagadka,WARSAW,POLAND,300,300,False,excel_pink_cell
IBERDOLA MUSIC,Iberdola Music,MADRID,SPAIN,100000,100000,False,excel_pink_cell
IBIRA PUERA,IBIRA PUERA,SAO PAULO,BRAZIL,11000,11000,False,excel_pink_cell
ICE BSD HALL 5,ICE BSD Hall 5,JAKARTA,INDONESIA,10000,10000,False,excel_pink_cell
ICE BSD HALL 5 6,ICE BSD Hall 5-6,JAKARTA,INDONESIA,10000,10000,False,excel_pink_cell
IG ARENA,IG Arena,AICHI,JAPAN,17000,17000,False,excel_pink_cell
IMPACT ARENA,IMPACT ARENA,BANGKOK,THAILAND,12000,12000,False,excel_pink_cell
INALIPI ARENA,Inalipi Arena,TURIN,ITALY,15657,15657,False,excel_pink_cell
INDEPENDANCE,Independance,MADRID,SPAIN,600,600,False,excel_pink_cell
INDONESIA ARENA,INDONESIA ARENA,JAKARTA,INDONESIA,16500,16500,False,excel_pink_cell
INDONESIA ARENA GBK,"Indonesia Arena, GBK",JAKARTA,INDONESIA,16500,16500,False,excel_pink_cell
INSPIRE ARENA,INSPIRE ARENA,INCHEON,KOREA,15000,15000,False,excel_pink_cell
ISLINGTON ASSEMBLY HALL,Islington Assembly Hall,LONDON,UNITED KINGDOM,890,890,False,excel_pink_cell
JAMSIL INDOOR STADIUM,JAMSIL INDOOR STADIUM,SEOUL,KOREA,11000,11000,False,excel_pink_cell
JANGCHUNG ARENA,JANGCHUNG ARENA,SEOUL,KOREA,3500,3500,False,excel_pink_cell
JOHN CAIN ARENA,JOHN CAIN ARENA,MELBOURNE,AUSTRALIA,10500,10500,False,excel_pink_cell
K ARENA YOKOHAMA,K Arena Yokohama,KANAGAWA,JAPAN,20000,20000,False,excel_pink_cell
KAI TAK SPORTS PARK,Kai Tak Sports Park,HONG KONG,CHINA,50000,50000,False,excel_pink_cell
KAI TAK STADIUM,Kai Tak Stadium,HONG KONG,CHINA,50000,50000,False,excel_pink_cell
KANTINE,Kantine,COLOGNE,GERMANY,900,900,False,excel_pink_cell
KAOHSIUNG ARENA,Kaohsiung Arena,KAOHSIUNG,JAPAN,15000,15000,False,excel_pink_cell
KAOHSIUNG MUSIC CENTER,Kaohsiung Music Center,KAOHSIUNG,TAIWAN,6000,6000,False,excel_pink_cell
KBANK SIAM PIC GANESHA THEATRE,KBank Siam Pic-Ganesha Theatre,BANGKOK,THAILAND,1069,1069,False,excel_pink_cell
KEIO ARENA TOKYO,KEIO ARENA TOKYO,TOKYO,JAPAN,10000,10000,False,excel_pink_cell
KESKIVIIKKONA,keskiviikkona,HELSINKI,FINLAND,1750,1750,False,excel_pink_cell
KESSELHAUS,Kesselhaus,BERLIN,GERMANY,1050,1050,False,excel_pink_cell
KIA CENTER,KIA CENTER,"ORLANDO, FL",USA,20000,20000,False,excel_pink_cell
KIA FORUM,KIA FORUM,"INGLEWOOD, CA",USA,11565,11565,False,excel_pink_cell
KING BAUDOUIN STADIUM,KING BAUDOUIN STADIUM,BRUSSELS,BELGIUM,51500,51500,False,excel_pink_cell
KITAKYUSHU MESSE,Kitakyushu Messe,FUKUOKA,JAPAN,8000,8000,False,excel_pink_cell
KLUB PALLADIUM,Klub Palladium,WARSAW,POLAND,620,620,False,excel_pink_cell
KOBE WORLD HALL,Kobe World Hall,KOBE,JAPAN,8000,8000,False,excel_pink_cell
KSPO DOME,KSPO DOME,SEOUL,KOREA,14594,14594,False,excel_pink_cell
KT ZEPP YOKOHAMA,KT Zepp Yokohama,YOKOHAMA,JAPAN,2146,2146,False,excel_pink_cell
KYOCERA DOME OSAKA,Kyocera Dome Osaka,OSAKA,JAPAN,55000,55000,False,excel_pink_cell
LA BELLEVILLOISE,La Bellevilloise,PARIS,FRANCE,1490,1490,False,excel_pink_cell
LA MARAKA,LA MARAKA,MEXICO CITY,MEXICO,1700,1700,False,excel_pink_cell
LA PLACE,LA PLACE,PARIS,FRANCE,500,500,False,excel_pink_cell
LA SALA DEL MOVISTAR ARENA,La Sala del Movistar Arena,MADRID,SPAIN,800,800,False,excel_pink_cell
LALA ARENA TOKYO BAY,LaLa arena TOKYO-BAY,CHIBA,JAPAN,11000,10000|11000,False,excel_pink_cell
LANXESS ARENA,Lanxess Arena,COLOGNE,GERMANY,20000,20000,False,excel_pink_cell
LEGEND CLUB,LEGEND CLUB,MILAN,ITALY,300,300,False,excel_pink_cell
LIQUID ROOM,Liquid Room,EDINBURGH,SCOTLAND,800,800,False,excel_pink_cell
LYRIC THEATRE MERIDIAN ARTS CENTRE,Lyric Theatre - Meridian Arts Centre,"TORONTO, ON",CANADA,560,560,False,excel_pink_cell
M T BANK STADIUM,M&T BANK STADIUM,"BALTIMORE, MD",USA,51500,51500,False,excel_pink_cell
MACPHERSON STADIUM,MacPherson Stadium,HONG KONG,CHINA,2000,2000,False,excel_pink_cell
MAGAZZINI GENERALI,Magazzini Generali,MILAN,ITALY,1000,1000,False,excel_pink_cell
MAKUHARI MESSE,Makuhari Messe,CHIBA,JAPAN,48000,9000|48000,True,excel_pink_cell
MAKUHARI MESSE INTERNATIONAL EXHIBITION HALL 2 3,Makuhari Messe International Exhibition Hall 2-3,CHIBA,JAPAN,10000,10000,False,excel_pink_cell
MAKUHARI MESSE INTERNATIONAL EXHIBITION HALL 2 4,Makuhari Messe International Exhibition Hall 2-4,CHIBA,JAPAN,10000,10000,False,excel_pink_cell
MALL OF ASIA ARENA,Mall of Asia Arena,MANILA,PHILIPPINES,15000,15000,False,excel_pink_cell
MEGA STAR ARENA,Mega Star Arena,KUALA LUMPUR,MALAYSIA,5000,5000,False,excel_pink_cell
MEO ARENA,Meo Arena,LISBON,PORTUGAL,20000,20000,False,excel_pink_cell
METLIFE STADIUM,METLIFE STADIUM,"EAST RUTHERFORD, NJ",USA,72000,72000,False,excel_pink_cell
MIZUHO PAYPAY DOME,MIZUHO PayPay Dome,FUKUOKA,JAPAN,47500,47500,False,excel_pink_cell
MOODY CENTER ATX,MOODY CENTER ATX,"AUSTIN, TX",USA,9951,9951,False,excel_pink_cell
MOTORCO MUSIC HALL,Motorco Music Hall,"DURHAM, NC",USA,450,450,False,excel_pink_cell
MOVISTAR ARENA,MOVISTAR ARENA,SANTIAGO,CHILE,14000,14000,False,excel_pink_cell
MYTICKET JAHRHUNDERTHALLE,Myticket Jahrhunderthalle,FRANKFURT,GERMANY,4800,4800,False,excel_pink_cell
NATIONAL HOCKEY STADIUM,NATIONAL HOCKEY STADIUM,KUALA LUMPUR,MALAYSIA,12000,12000,False,excel_pink_cell
NATIONAL STADIUM,National Stadium,BANGKOK,THAILAND,65000,35000|65000,False,excel_pink_cell
NEW FRONTIER THEATER,New Frontier Theater,MANILA,PHILIPPINES,2325,2325,False,excel_pink_cell
NEW TAIPEI EXHIBITION HALL,NEW TAIPEI EXHIBITION HALL,TAIPEI,TAIWAN,7000,7000,False,excel_pink_cell
NIPPON GAISHI HALL,NIPPON GAISHI HALL,NAGOYA,JAPAN,10000,10000,False,excel_pink_cell
NIWALLI,Ääniwalli,HELSINKI,FINLAND,1000,1000,False,excel_pink_cell
NTSU ARENA,NTSU Arena (Linkou Arena),TAIPEI,TAIWAN,15000,15000,False,excel_pink_cell
NTU SPORTS CENTER,NTU SPORTS CENTER,TAIPEI,TAIWAN,4200,4200,False,excel_pink_cell
NUZONE,NUZONE,TAIPEI,TAIWAN,800,800,False,excel_pink_cell
O2 FORUM KENTISH TOWN,O2 Forum Kentish Town,LONDON,UNITED KINGDOM,2300,2300,False,excel_pink_cell
OAKLAND ARENA,OAKLAND ARENA,"OAKLAND, CA",USA,19000,19000,False,excel_pink_cell
ORIX THEATER,Orix Theater,OSAKA,JAPAN,2400,2400,False,excel_pink_cell
OSAKA JO HALL,OSAKA JO HALL,OSAKA,JAPAN,16000,16000,False,excel_pink_cell
OTTAWA MEMORIAL AUDITORIUM,Ottawa Memorial Auditorium,OTTAWA,CANADA,830,830,False,excel_pink_cell
OVO ARENA WEMBLEY,OVO Arena Wembley,LONDON,UNITED KINGDOM,12500,12500,False,excel_pink_cell
P60,P60,AMSTERDAM,NETHERLANDS,650,650,False,excel_pink_cell
PALACIO DE LOS DEPORTES,PALACIO DE LOS DEPORTES,"MEXICO CITY, MX",MEXICO,26000,26000,False,excel_pink_cell
PALACIO VISTALEGRE,Palacio Vistalegre,MADRID,SPAIN,14000,14000,False,excel_pink_cell
PALAIS DES FESTIVALS ET DES CONGR S DE CANNES,Palais des Festivals et des Congrès de Cannes,CANNES,FRANCE,2120,2120,False,excel_pink_cell
PALAIS THEATRE,Palais Theatre,MELBOURNE,AUSTRALIA,2896,2896,False,excel_pink_cell
PALAU SANT JORDI,Palau Sant Jordi,BARCELONA,SPAIN,17000,17000,False,excel_pink_cell
PALCO MUNDO,PALCO MUNDO,RIO DE JANEIRO,BRAZIL,100000,100000,False,excel_pink_cell
PALLADIUM,Palladium,WARSAW,POLAND,620,620,False,excel_pink_cell
PARIS LA DEFENSE,Paris La Defense,PARIS,FRANCE,45000,45000,False,excel_pink_cell
PARK WEST,Park West,"CHICAGO, IL",USA,1000,1000,False,excel_pink_cell
PASADENA CIVIC AUDITORIUM,PASADENA CIVIC AUDITORIUM,"PASADENA, CA",USA,2997,2997,False,excel_pink_cell
PHENIX GRAND BALLROOM,Phenix Grand Ballroom,BANGKOK,THAILAND,2000,2000,False,excel_pink_cell
PHILIPPINES SPORTS STADIUM,Philippines Sports Stadium,BULACAN,PHILIPPINES,55000,55000,False,excel_pink_cell
POOLEN,Poolen,COPENHAGEN,DENMARK,2500,2500,False,excel_pink_cell
PROGESJA,Progesja,WARSAW,POLAND,2500,2500,False,excel_pink_cell
PROGRESJA,Progresja,WARSAW,POLAND,1100,1100,False,excel_pink_cell
PROXIMA,Proxima,WARSAW,POLAND,850,850,False,excel_pink_cell
PRUDENTIAL CENTER,PRUDENTIAL CENTER,"NEWARK, NJ",USA,16755,12823|16755,False,excel_pink_cell
PUMPEHUSET,Pumpehuset,COPENHAGEN,DENMARK,1000,1000,False,excel_pink_cell
Q FACTORY,Q Factory,AMSTERDAM,NETHERLANDS,1000,1000,False,excel_pink_cell
QUDOS BANK ARENA,QUDOS BANK ARENA,SYDNEY,AUSTRALIA,21000,16000|21000,False,excel_pink_cell
RACKET NYC,Racket NYC,"NEW YORK, NY",USA,650,650,False,excel_pink_cell
RAJAMANGALA NATIONAL STADIUM,Rajamangala National Stadium,BANGKOK,THAILAND,51552,51552,False,excel_pink_cell
RAYMOND JAMES STADIUM,RAYMOND JAMES STADIUM,"TAMPA, FL",USA,75000,75000,False,excel_pink_cell
RIALTO THEATRE,RIALTO THEATRE,MONTREAL,CANADA,1165,1165,False,excel_pink_cell
RIDGLEA THEATER,Ridglea Theater,"FORT WORTH, TX",USA,1200,1200,False,excel_pink_cell
RIVER ROCK CASINO RESORT,RIVER ROCK CASINO RESORT,"VANCOUVER, BC",CANADA,1150,1150,False,excel_pink_cell
RIYADH AIR METROPOLITANO,RIYADH AIR METROPOLITANO,MADRID,SPAIN,75000,75000,False,excel_pink_cell
ROD LAVER ARENA,ROD LAVER ARENA,MELBOURNE,AUSTRALIA,16183,15000|16183,False,excel_pink_cell
ROGERS ARENA,ROGERS ARENA,"VANCOUVER, BC",CANADA,12668,12668,False,excel_pink_cell
ROGERS STADIUM,ROGERS STADIUM,TORONTO,CANADA,65000,50424|65000,False,excel_pink_cell
S20 LAND,S20 LAND,BANGKOK,THAILAND,35000,35000,False,excel_pink_cell
SAALCHEN,SAALCHEN,BERLIN,GERMANY,580,580,False,excel_pink_cell
SALA NELSON PEREIRA DOS SANTOS,Sala Nelson Pereira dos Santos,RIO DE JANEIRO,BRAZIL,400,400,False,excel_pink_cell
SALLE DE SPECTACLES,Salle De Spectacles,RENENS,SWITZERLAND,700,700,False,excel_pink_cell
SALLE PLEYEL,Salle Pleyel,PARIS,FRANCE,2000,2000,False,excel_pink_cell
SCOTIABANK ARENA,SCOTIABANK ARENA,"TORONTO, ON",CANADA,10996,10996,False,excel_pink_cell
SINGAPORE INDOOR STADIUM,Singapore Indoor Stadium,SINGAPORE,SINGAPORE,12000,12000,False,excel_pink_cell
SINGAPORE NATIONAL STADIUM,Singapore National Stadium,SINGAPORE,SINGAPORE,55000,55000,False,excel_pink_cell
SM MALL OF ASIA ARENA,SM Mall of Asia Arena,MANILA,PHILIPPINES,15000,15000,False,excel_pink_cell
SMART ARANETA COLISEUM,Smart Araneta Coliseum,MANILA,PHILIPPINES,20000,20000,False,excel_pink_cell
SO36,SO36,BERLIN,GERMANY,800,800,False,excel_pink_cell
SOFI STADIUM,SOFI STADIUM,"LOS ANGELES, CA",USA,72000,70000|72000,False,excel_pink_cell
SOLDIER FIELD,SOLDIER FIELD,"CHICAGO, IL",USA,72000,50424|72000,False,excel_pink_cell
SOUTH SIDE MUSIC HALL,South Side Music Hall,"DALLAS, TX",USA,1500,1500,False,excel_pink_cell
SPARK ARENA,SPARK ARENA,AUCKLAND,NEW ZELAND,12000,12000,False,excel_pink_cell
STADE DE FRANCE,STADE DE FRANCE,PARIS,FRANCE,72000,50424|72000,False,excel_pink_cell
STADIUM MERDEKA,Stadium Merdeka,KUALA LUMPUR,MALAYSIA,20000,20000,False,excel_pink_cell
STANFORD STADIUM,STANFORD STADIUM,"STANFORD, CA",USA,50424,50424,False,excel_pink_cell
STATE FARM ARENA,STATE FARM ARENA,"ATLANTA, GA",USA,16888,16888,False,excel_pink_cell
STUDIO CITY EVENT CENTER,Studio City Event Center,MACAU,CHINA,5000,5000,False,excel_pink_cell
STUDIO STAGE,Studio Stage,SAO PAULO,BRAZIL,1500,1500,False,excel_pink_cell
SUN BOWL STADIUM,SUN BOWL STADIUM,"EL PASO, TX",USA,51500,51500,False,excel_pink_cell
SUPERNOVA KAWASAKI,SUPERNOVA KAWASAKI,KANAGAWA,JAPAN,500,500,False,excel_pink_cell
SYDNEY EVENT CENTRE,Sydney Event Centre,SYDNEY,AUSTRALIA,3000,3000,False,excel_pink_cell
TAIPEI ARENA,Taipei Arena,TAIPEI,TAIWAN,10000,10000,False,excel_pink_cell
TAIPEI CLAPPER STUDIO,TAIPEI CLAPPER STUDIO,TAIPEI,TAIWAN,700,700,False,excel_pink_cell
TAIPEI DOME,Taipei Dome,TAIPEI,TAIWAN,58000,58000,False,excel_pink_cell
TD COLISEUM,TD COLISEUM,"HAMILTON, ON",CANADA,17383,17383,False,excel_pink_cell
TEATRO CA660,Teatro CA660,CHILE,SANTIAGO,878,878,False,excel_pink_cell
TEATRO COLISEO,Teatro Coliseo,SANTIAGO,CHILE,2500,2500,False,excel_pink_cell
TEATRO PERUANO JAPONES,Teatro Peruano Japones,LIMA,PERU,1025,1025,False,excel_pink_cell
THE GARAGE,THE GARAGE,LONDON,UNITED KINGDOM,750,600|750,False,excel_pink_cell
THE JACKSONVILLE CENTER FOR THE PERFORMING ARTS TERRY THEATER,The Jacksonville Center for the Performing Arts - Terry Theater,"JACKSONVILLE, FL",USA,609,609,False,excel_pink_cell
THE KASABLANKA HALL,THE KASABLANKA HALL,JAKARTA,INDONESIA,5500,5500,False,excel_pink_cell
THE KIA FORUM,THE KIA FORUM,"LOS ANGELES, CA",USA,18000,18000,False,excel_pink_cell
THE LENOVO GARAGE,The Lenovo Garage,MADRID,SPAIN,4800,4800,False,excel_pink_cell
THE LOFT,The Loft,"ATLANTA, GA",USA,650,650,False,excel_pink_cell
THE LONDONER ARENA,The Londoner Arena,MACAU,CHINA,6000,6000,False,excel_pink_cell
THE LONDONER THEATRE,The Londoner Theatre,MACAU,CHINA,1682,1682,False,excel_pink_cell
THE MUSIC HALL OF WILLIAMSBURG,The Music Hall of Williamsburg,"NEW YORK, NY",USA,650,650,False,excel_pink_cell
THE NILE THEATER,The Nile Theater,"MESA, AZ",USA,1000,1000,False,excel_pink_cell
THE O2,The O2,LONDON,UNITED KINGDOM,20000,20000,False,excel_pink_cell
THE OPERA HOUSE,The Opera House,"TORONTO, ON",CANADA,950,950,False,excel_pink_cell
THE ROCK BOX,The Rock Box,"SAN ANTONIO, TX",USA,1000,1000,False,excel_pink_cell
THE ROXY THEATRE,The Roxy Theatre,"LOS ANGELES, CA",USA,500,500,False,excel_pink_cell
THE STREET RATCHADA,THE STREET RATCHADA,BANGKOK,THAILAND,1000,1000,False,excel_pink_cell
THE STUDIO AT THE BOMB FACTORY,The Studio at the Bomb Factory,"DALLAS, TX",USA,1000,1000,False,excel_pink_cell
THE THEATRE AT MEDIACORP,The Theatre at Mediacorp,SINGAPORE,SINGAPORE,1541,1541,False,excel_pink_cell
THE VENETIAN ARENA,The Venetian Arena,MACAU,CHINA,14000,14000,False,excel_pink_cell
THE VERMONT HOLLYWOOD,The Vermont Hollywood,"LOS ANGELES, CA",USA,1200,1200,False,excel_pink_cell
THEATRE OF LIVING ARTS,Theatre of Living Arts,"PHILADELPHIA, PA",USA,800,800,False,excel_pink_cell
THUNDER DOME,THUNDER DOME,BANGKOK,THAILAND,15000,3500|15000,True,excel_pink_cell
TICC,TICC,TAIPEI,TAIWAN,3122,3000|3122,False,excel_pink_cell
TICKETLINK LIVE ARENA,Ticketlink Live Arena,SEOUL,KOREA,6500,6500,False,excel_pink_cell
TIKTOK ENTERTAINMENT CENTRE,TIKTOK ENTERTAINMENT CENTRE,SYDNEY,AUSTRALIA,9000,9000,False,excel_pink_cell
TOKIO MARINE HALL,TOKIO MARINE HALL,SAO PAULO,BRAZIL,4000,4000,False,excel_pink_cell
TOKYO DOME,Tokyo Dome,TOKYO,JAPAN,55000,55000,False,excel_pink_cell
TOTTENHAM HOTSPUR STADIUM,TOTTENHAM HOTSPUR STADIUM,LONDON,UNITED KINGDOM,65000,65000,False,excel_pink_cell
TOYOSU PIT,Toyosu PIT,TOKYO,JAPAN,3100,3000|3100,False,excel_pink_cell
TOYOTA ARENA TOKYO,Toyota Arena Tokyo,TOKYO,JAPAN,10000,10000,False,excel_pink_cell
UBER ARENA,Uber Arena,BERLIN,GERMANY,17000,17000,False,excel_pink_cell
UBER EATS MUSIC HALL,Uber Eats Music Hall,BERLIN,GERMANY,4500,4500,False,excel_pink_cell
UNIVERSE MULTIVENUE,Universe Multivenue,ATHENS,GREECE,600,600,False,excel_pink_cell
VICTORY CONVENTION CENTRE,Victory Convention Centre,AUCKLAND,NEW ZELAND,2200,2200,False,excel_pink_cell
VORTERIX,Vorterix,BUENOS AIRES,ARGENTINA,1584,1584,False,excel_pink_cell
WESTAR,WESTAR,TAIPEI,TAIWAN,1000,1000,False,excel_pink_cell
WHITE EAGLE HALL,White Eagle Hall,"JERSEY CITY, NJ",USA,800,800,False,excel_pink_cell
XFINITY MOBILE ARENA,XFINITY MOBILE ARENA,"PHILADELPHIA, PA",USA,21000,21000,False,excel_pink_cell
YOYOGI NATIONAL STADIUM 1ST GYMNASIUM,Yoyogi National Stadium 1st Gymnasium,TOKYO,JAPAN,13291,13291,False,excel_pink_cell
ZENITH,Zenith,MUNICH,GERMANY,6804,6804,False,excel_pink_cell
ZEPP DIVERCITY,Zepp DiverCity,TOKYO,JAPAN,2473,2473,False,excel_pink_cell
ZEPP FUKUOKA,Zepp Fukuoka,FUKUOKA,JAPAN,2001,2001,False,excel_pink_cell
ZEPP KUALA LUMPUR,Zepp Kuala Lumpur,KUALA LUMPUR,MALAYSIA,2414,2414,False,excel_pink_cell
ZEPP NEW TAIPEI,Zepp New Taipei,TAIPEI,TAIWAN,2245,2245,False,excel_pink_cell
ZEPP OSAKA BAYSIDE,Zepp Osaka Bayside,OSAKA,JAPAN,2801,2801,False,excel_pink_cell
ZIGGO DOME,Ziggo Dome,AMSTERDAM,NETHERLANDS,17000,17000,False,excel_pink_cell
